Brand,Model,formFactor,price,status
InPlay,Wind 05,atx,2195,TRUE
InPlay,Meteor 03,atx,1050,TRUE
YGT,V300,matx,1090,TRUE
Dark Flash, DLM21 Mesh,matx,2195,TRUE
Rakk,Mirad,matx,1395,TRUE
Fantech,Pulse CG71,atx,1462,TRUE
Keytech ,Armor Knight Series,atx,1225,TRUE
DarkFlash,C285P ATX,atx,2830,TRUE
YGT ,V300,matx,1150,TRUE
Fantech,Aero CG80,atx,2484,TRUE
DarkFlash ,DLM22,matx,2149,TRUE
Rakk ,DULUS ,atx,1395,TRUE
Fantech,CG71 ,mitx,1576,TRUE
Keytech,T-100,matx,995,TRUE
MSI,MAG Forge M100A,matx,2183,TRUE
Keytech,K6,matx,690,TRUE
Rakk,Hamrus-M,matx,2695,TRUE
MSI,MAG FORGE M100R,atx,3338,TRUE
Neutron,2817,matx,1110,TRUE
Keytech,Robin Mini Dual Chamber,matx,1980,TRUE
DarkFlash ,C285P,atx,2995,TRUE
MSI,MAG Shield M301,matx,1490,TRUE
DarkFlash ,DS900,atx,2715,TRUE
Rakk,Naya,atx,1195,TRUE
Deepcool ,Smarter,matx,1444,TRUE
Deepcool ,D-Shield v2,atx,1906,TRUE
Fantech ,CG80 ,atx,2595,TRUE
Corsair,4000D CS-CC-9011198,atx,5325,TRUE
Neutron ,2817 Mini Atx Case,atx,1115,TRUE
Keytech,T-1000 ,atx,1329,TRUE
Deepcool,CG560,atx,4043,TRUE
LianLi,O11D,atx,7392,TRUE
Antec,NX200M,atx,1899,TRUE
Neutron,165-5,matx,982,TRUE
Lian Li,11 Dynamic Evo,atx,12128,TRUE
Galax,Revolution 05,atx,3295,TRUE
NZXT H7,Flow CM-H71FW-R1 ATX,atx,8529,TRUE
Lian Li,Lancool 216,atx,5775,TRUE
DarkFlash,DK352,atx,2403,TRUE
DarkFlash ,DK352 PLUS,atx,2461,TRUE
DarkFlash ,DK352 PLUS WHITE,atx,2550,TRUE
NZXT,H9,atx,9085,TRUE
Keytech,T-100,atx,1040,TRUE
LianLi ,LanCool 216,atx,5487,TRUE
MSI,MAG Forge 112R,atx,3465,TRUE
MSI,MPG Velox 100R,atx,5891,TRUE
Coolermaster,CMP 520,atx,2895,TRUE
Silverstone,FARA H1 PRO,atx,3499,TRUE
Silverstone,FARA R1 PRO,atx,3195,TRUE
DarkFlash,DS900,atx,2946,TRUE
Rakk,HAMRUS-M,atx,2695,TRUE
Ovation,Trooper Lite,matx,795,TRUE
Ovation,BattleStar 2.0,matx,734,TRUE
Rakk,HAMRUS,atx,2495,TRUE
Corsair,3000D,atx,4650,TRUE
Rakk,Kaya,atx,595,TRUE
Rakk,HUNUS,matx,1395,TRUE
MSI,MAG PANO M100R,matx,5295,TRUE
Keytech,Robin Cube,matx,1430,TRUE
Keytech,T-850,atx,1075,TRUE
Inplay,Seaview Pavilion,matx,1523,TRUE
Keytech,Robin Cube Dua,matx,1495,TRUE
Keytech,Cuirass,matx,1155,TRUE
DarkFlash,DS900 Aquarium,atx,2888,TRUE
Xtyle,PV3BL,matx,400,TRUE
Rakk,Huna,atx,2495,TRUE
Rakk,Marug,matx,2245,TRUE
Rakk,Kisig,matx,2245,TRUE
Neutron,2815,matx,1106,TRUE
Rakk,Hawani,atx,2895,TRUE
Rakk,Haliya,atx,2095,TRUE
Rakk,Alpas,atx,1495,TRUE
Aerocool,DS,matx,3300,TRUE
Asus,ROG Strix,atx,16302,TRUE
Rakk,Hawani,atx,1395,TRUE
Aerocool,P7-C1 Pro,atx,5995,TRUE
Aerocool,Cyclon Pro,atx,2750,TRUE
Aerocool,Quartz Revo,atx,3685,TRUE
Aerocool,Playa,atx,2750,TRUE
Aerocool,P7-Co Pro,atx,5695,TRUE
Aerocool,P7-C1,atx,6160,TRUE
BeQuite,Dark Base Pro 900 TG,atx,14280,TRUE
Inwin,A1 Plus,atx,8150,TRUE
Aerocool,GT,atx,2095,TRUE
Rakk,Anyag Micro,matx,1000,TRUE
Neutron,2817,matx,1110,TRUE
Trigon,TBZ-231,matx,850,TRUE
Neutron,Fit FHGR,matx,795,TRUE
MSI,MAG Vampiric 100R,atx,2619,TRUE
Corsair,4000D CS-CC-9011199-WW,atx,5300,TRUE
Neutron,2815,matx,1010,TRUE
Gamdias,Talos-M1,atx,3090,TRUE
Trigon,TBA-MO2,matx,969,TRUE
Trigon,TBA-MO1R,matx,760,TRUE
DarkFlash,DLM22,matx,2207,TRUE
Thermaltake,H550,atx,5495,TRUE
Thermaltake,Commander C34 TG ARGB Edition,atx,5950,TRUE
NZXT,H510 Elite CA-H510E-W1,atx,7580,TRUE
Rakk,GALURA,atx,3695,TRUE
NZXT,H210,mitx,4399.45,TRUE
Cooler Master,Elite 110,mitx,2749.45,TRUE
Thermaltake, Core V1,mitx,2749.45,TRUR
Fractal, DesignNode 202,mitx,4949.45,TRUE
SilverStone, SG13,mitx,2749.45,TRUE
In Win, A1 Plus, mitx, 10999.45,TRUE